Entity,Code,Year,"Contraceptive prevalence, any methods (% of women ages 15-49)"
Afghanistan,AFG,1973,1.6
Afghanistan,AFG,1974,1.6
Afghanistan,AFG,2000,5.3
Afghanistan,AFG,2003,10.3
Afghanistan,AFG,2005,13.6
Afghanistan,AFG,2006,18.6
Afghanistan,AFG,2008,22.8
Afghanistan,AFG,2010,21.8
Afghanistan,AFG,2011,21.2
Afghanistan,AFG,2016,22.5
Afghanistan,AFG,2018,18.9
Africa Eastern and Southern,,1990,19.936722572674
Africa Eastern and Southern,,2000,26.6712116033648
Africa Eastern and Southern,,2010,28.1373324726482
Africa Eastern and Southern,,2017,39.6850681649588
Africa Western and Central,,1990,7.07322845724028
Africa Western and Central,,2000,15.4227576351067
Africa Western and Central,,2010,17.9123960361399
Africa Western and Central,,2017,18.8464439102125
Albania,ALB,2000,57.5
Albania,ALB,2002,75.1
Albania,ALB,2005,60.1
Albania,ALB,2009,69.3
Albania,ALB,2018,46
Algeria,DZA,1987,35.8
Algeria,DZA,1992,50.9
Algeria,DZA,1995,56.9
Algeria,DZA,2000,64
Algeria,DZA,2002,57
Algeria,DZA,2006,61.4
Algeria,DZA,2012,55.9
Algeria,DZA,2013,57.1
Angola,AGO,1996,8.1
Angola,AGO,2001,6.3
Angola,AGO,2009,17.7
Angola,AGO,2016,13.7
Antigua and Barbuda,ATG,1981,48.2
Antigua and Barbuda,ATG,1982,48.2
Antigua and Barbuda,ATG,1988,52.6
Antigua and Barbuda,ATG,1998,53
Arab World,,1990,36.1160702286533
Arab World,,2000,44.4443150630005
Arab World,,2010,50.5152690365611
Arab World,,2017,44.9820842813878
Argentina,ARG,2001,65.3
Argentina,ARG,2005,78.9
Argentina,ARG,2012,55.4
Argentina,ARG,2013,81.3
Armenia,ARM,1991,56
Armenia,ARM,2000,60.5
Armenia,ARM,2005,53.1
Armenia,ARM,2010,54.9
Armenia,ARM,2015,57.1
Armenia,ARM,2016,57.1
Australia,AUS,1986,76.1
Australia,AUS,1995,66.7
Australia,AUS,2002,70.8
Australia,AUS,2005,72.3
Australia,AUS,2006,65.162
Australia,AUS,2009,61.96
Australia,AUS,2012,67.75
Australia,AUS,2016,66.93
Austria,AUT,1982,71.4
Austria,AUT,1996,50.9
Austria,AUT,2009,69.6
Austria,AUT,2012,81
Austria,AUT,2013,65.7
Austria,AUT,2015,71
Austria,AUT,2019,79
Azerbaijan,AZE,2000,55.1
Azerbaijan,AZE,2001,55.4
Azerbaijan,AZE,2006,51.1
Azerbaijan,AZE,2011,54.9
Bahamas,BHS,1988,61.7
Bahamas,BHS,2001,44.6
Bahrain,BHR,1989,53.8
Bahrain,BHR,1995,61.8
Bahrain,BHR,2000,53.4
Bangladesh,BGD,1976,7.7
Bangladesh,BGD,1980,12.7
Bangladesh,BGD,1981,18.6
Bangladesh,BGD,1984,19.1
Bangladesh,BGD,1986,25.3
Bangladesh,BGD,1989,30.8
Bangladesh,BGD,1991,39.9
Bangladesh,BGD,1994,44.9
Bangladesh,BGD,1997,49.8
Bangladesh,BGD,2000,54.3
Bangladesh,BGD,2001,50.2
Bangladesh,BGD,2004,58.5
Bangladesh,BGD,2007,55.8
Bangladesh,BGD,2008,52.64
Bangladesh,BGD,2011,61.2
Bangladesh,BGD,2013,61.8
Bangladesh,BGD,2014,62.3
Bangladesh,BGD,2016,62.8
Bangladesh,BGD,2018,61.9
Bangladesh,BGD,2019,62.7
Barbados,BRB,1981,46.5
Barbados,BRB,1988,55
Barbados,BRB,1998,55
Barbados,BRB,2012,59.2
Belarus,BLR,1995,50.4
Belarus,BLR,2005,72.6
Belarus,BLR,2012,63.1
Belarus,BLR,2017,71.15
Belgium,BEL,1966,72
Belgium,BEL,1976,87
Belgium,BEL,1983,81
Belgium,BEL,1992,78.4
Belgium,BEL,1997,56.5
Belgium,BEL,2001,75.6
Belgium,BEL,2004,74.6
Belgium,BEL,2009,70.4
Belgium,BEL,2010,70.4
Belgium,BEL,2013,66.7531663383057
Belgium,BEL,2018,66.7
Belize,BLZ,1991,46.7
Belize,BLZ,1999,56.1
Belize,BLZ,2006,34.3
Belize,BLZ,2011,55.2
Belize,BLZ,2016,51.4
Benin,BEN,1982,6.6
Benin,BEN,1996,16.4
Benin,BEN,2001,18.6
Benin,BEN,2006,17
Benin,BEN,2012,12.9
Benin,BEN,2014,17.9
Benin,BEN,2018,15.5
Bhutan,BTN,1994,18.8
Bhutan,BTN,2000,30.7
Bhutan,BTN,2010,65.6
Bolivia,BOL,1983,23.6
Bolivia,BOL,1989,30.3
Bolivia,BOL,1994,45.3
Bolivia,BOL,1998,48.3
Bolivia,BOL,2000,53.4
Bolivia,BOL,2003,58.4
Bolivia,BOL,2004,58.4
Bolivia,BOL,2008,60.5
Bolivia,BOL,2016,66.5
Bosnia and Herzegovina,BIH,1970,42.9
Bosnia and Herzegovina,BIH,2000,47.5
Bosnia and Herzegovina,BIH,2006,35.7
Bosnia and Herzegovina,BIH,2012,45.8
Botswana,BWA,1984,19.3
Botswana,BWA,1988,33
Botswana,BWA,1996,47.2055441661467
Botswana,BWA,2000,44.4
Botswana,BWA,2007,52.8
Botswana,BWA,2008,52.8
Botswana,BWA,2017,67.4
Brazil,BRA,1986,66.2
Brazil,BRA,1991,59.2
Brazil,BRA,1996,76.7
Brazil,BRA,2006,80.3
Brazil,BRA,2007,80.3
Brazil,BRA,2013,80.2
Bulgaria,BGR,1976,75
Bulgaria,BGR,1995,85.9
Bulgaria,BGR,1998,63.4
Bulgaria,BGR,2005,64.4
Bulgaria,BGR,2007,69.2
Burkina Faso,BFA,1993,7.9
Burkina Faso,BFA,1999,11.9
Burkina Faso,BFA,2003,13.8
Burkina Faso,BFA,2006,17.4
Burkina Faso,BFA,2010,16.2
Burkina Faso,BFA,2011,16.2
Burkina Faso,BFA,2014,20.8
Burkina Faso,BFA,2015,20.8
Burkina Faso,BFA,2016,25.52
Burkina Faso,BFA,2017,25.4184476954018
Burkina Faso,BFA,2018,31.6686126218256
Burkina Faso,BFA,2019,32.5
Burkina Faso,BFA,2020,30.1119
Burundi,BDI,1987,8.7
Burundi,BDI,2000,15.7
Burundi,BDI,2002,19.7
Burundi,BDI,2005,9.1
Burundi,BDI,2009,22.7
Burundi,BDI,2010,21.9
Burundi,BDI,2011,21.9
Burundi,BDI,2012,31.7
Burundi,BDI,2016,28.5
Burundi,BDI,2017,28.5
Cambodia,KHM,1995,12.6
Cambodia,KHM,1998,21.8
Cambodia,KHM,2000,23.8
Cambodia,KHM,2005,40
Cambodia,KHM,2006,40
Cambodia,KHM,2010,50.5
Cambodia,KHM,2011,50.5
Cambodia,KHM,2014,56.3
Cameroon,CMR,1978,2.4
Cameroon,CMR,1991,16.1
Cameroon,CMR,1998,19.3
Cameroon,CMR,2000,25.6
Cameroon,CMR,2004,26
Cameroon,CMR,2006,29.2
Cameroon,CMR,2011,23.4
Cameroon,CMR,2014,34.4
Cameroon,CMR,2018,19.3
Canada,CAN,1984,73.1
Canada,CAN,1995,74.7
Canada,CAN,1998,80
Canada,CAN,2002,74
Canada,CAN,2006,85
Cape Verde,CPV,1988,23.8
Cape Verde,CPV,1989,23.8
Cape Verde,CPV,1998,52.9
Cape Verde,CPV,2005,61.3
Cape Verde,CPV,2018,55.8
Caribbean Small States,,1990,51.2746369310717
Caribbean Small States,,2000,53.5404192916506
Caribbean Small States,,2010,57.7515585651533
Central African Republic,CAF,1995,14.8
Central African Republic,CAF,2000,27.9
Central African Republic,CAF,2006,19
Central African Republic,CAF,2010,15.2
Central African Republic,CAF,2011,15.2
Central African Republic,CAF,2019,17.8
Chad,TCD,1997,4.1
Chad,TCD,2000,7.9
Chad,TCD,2004,2.8
Chad,TCD,2010,4.8
Chad,TCD,2015,5.7
Chad,TCD,2019,8.1
Chile,CHL,1978,43
Chile,CHL,1990,56
Chile,CHL,2001,60.7
Chile,CHL,2016,76.2635245751857
China,CHN,1982,69.5
China,CHN,1988,71.1
China,CHN,1992,84.6
China,CHN,1994,90.6999969482
China,CHN,1995,90.4000015259
China,CHN,1996,91.0999984741
China,CHN,1997,83.8
China,CHN,1999,83
China,CHN,2000,83.8
China,CHN,2001,86.9
China,CHN,2006,84.6
China,CHN,2008,89.3
China,CHN,2009,89
China,CHN,2010,89.1
China,CHN,2011,88.6
China,CHN,2012,87.9
China,CHN,2015,86.75342
China,CHN,2017,84.5
Colombia,COL,1969,20.5
Colombia,COL,1976,42.5
Colombia,COL,1978,46.1
Colombia,COL,1980,48.5
Colombia,COL,1986,64.8
Colombia,COL,1990,66.1
Colombia,COL,1995,72.2
Colombia,COL,2000,76.9
Colombia,COL,2005,78.2
Colombia,COL,2010,79.1
Colombia,COL,2015,81
Colombia,COL,2016,81
Comoros,COM,1996,21
Comoros,COM,2000,25.7
Comoros,COM,2012,19.4
Congo,COG,2005,44.3
Congo,COG,2012,44.7
Congo,COG,2015,30.1
Costa Rica,CRI,1976,64.4
Costa Rica,CRI,1977,64.4
Costa Rica,CRI,1978,63.8
Costa Rica,CRI,1981,65.2
Costa Rica,CRI,1986,69.5
Costa Rica,CRI,1993,75
Costa Rica,CRI,1999,80
Costa Rica,CRI,2005,96
Costa Rica,CRI,2007,96
Costa Rica,CRI,2008,80
Costa Rica,CRI,2009,81.1
Costa Rica,CRI,2010,82.2
Costa Rica,CRI,2011,76.2
Costa Rica,CRI,2015,77.8
Costa Rica,CRI,2018,70.9
Cote d'Ivoire,CIV,1981,2.9
Cote d'Ivoire,CIV,1994,11.4
Cote d'Ivoire,CIV,1999,15
Cote d'Ivoire,CIV,2006,12.9
Cote d'Ivoire,CIV,2012,18.2
Cote d'Ivoire,CIV,2016,15.5
Cote d'Ivoire,CIV,2017,23.5645618324185
Cote d'Ivoire,CIV,2018,23.3
Croatia,HRV,1970,58
Croatia,HRV,2000,69
Cuba,CUB,1980,60
Cuba,CUB,1982,60
Cuba,CUB,1987,70
Cuba,CUB,2000,73.3
Cuba,CUB,2006,72.6
Cuba,CUB,2007,77.1
Cuba,CUB,2009,77.8
Cuba,CUB,2010,77.8
Cuba,CUB,2011,74.3
Cuba,CUB,2014,73.7
Cuba,CUB,2019,69.0042618858626
Czechia,CZE,1970,66
Czechia,CZE,1977,95
Czechia,CZE,1991,78
Czechia,CZE,1993,68.9
Czechia,CZE,1997,72
Czechia,CZE,2005,78.2
Czechia,CZE,2008,86.3
Democratic Republic of Congo,COD,1983,25.8
Democratic Republic of Congo,COD,1984,15.4
Democratic Republic of Congo,COD,1991,7.7
Democratic Republic of Congo,COD,2001,31.4
Democratic Republic of Congo,COD,2007,20.6
Democratic Republic of Congo,COD,2010,17.7
Democratic Republic of Congo,COD,2014,20.4
Democratic Republic of Congo,COD,2018,28.1
Denmark,DNK,1970,67
Denmark,DNK,1975,63
Denmark,DNK,1988,78
Denmark,DNK,1992,76.5
Denmark,DNK,1993,76.5
Djibouti,DJI,2002,9
Djibouti,DJI,2006,17.8
Djibouti,DJI,2008,22.5
Djibouti,DJI,2012,19
Dominica,DMA,1981,62.3
Dominica,DMA,1982,62.3
Dominica,DMA,1987,49.8
Dominica,DMA,1998,50
Dominican Republic,DOM,1975,31.8
Dominican Republic,DOM,1980,42
Dominican Republic,DOM,1983,45.8
Dominican Republic,DOM,1986,49.8
Dominican Republic,DOM,1991,56.4
Dominican Republic,DOM,1996,63.7
Dominican Republic,DOM,1999,69.2
Dominican Republic,DOM,2000,64.7
Dominican Republic,DOM,2002,69.8
Dominican Republic,DOM,2006,61.3
Dominican Republic,DOM,2007,72.9
Dominican Republic,DOM,2010,73
Dominican Republic,DOM,2013,71.9
Dominican Republic,DOM,2014,69.5
Early-demographic dividend,,1990,42.8927864304562
Early-demographic dividend,,2000,49.2597809644588
Early-demographic dividend,,2010,55.6482112408602
Early-demographic dividend,,2017,53.6508572896405
East Asia & Pacific,,1990,73.7308164103615
East Asia & Pacific,,2000,75.3565739617154
East Asia & Pacific,,2010,80.7799679046469
East Asia & Pacific,,2017,74.4691250899144
East Asia & Pacific (IDA & IBRD),,1990,74.8941906073677
East Asia & Pacific (IDA & IBRD),,2000,76.3693386815292
East Asia & Pacific (IDA & IBRD),,2010,81.1446369512361
East Asia & Pacific (IDA & IBRD),,2017,76.1381609451546
East Asia & Pacific (excluding high income),,1990,74.7164276100896
East Asia & Pacific (excluding high income),,2000,76.2729030974509
East Asia & Pacific (excluding high income),,2010,81.0138138897996
East Asia & Pacific (excluding high income),,2017,76.0636915640331
Ecuador,ECU,1979,33.6
Ecuador,ECU,1980,33.6
Ecuador,ECU,1982,39.9
Ecuador,ECU,1987,44.3
Ecuador,ECU,1989,52.9
Ecuador,ECU,1994,56.8
Ecuador,ECU,1999,65.8
Ecuador,ECU,2004,72.7
Ecuador,ECU,2012,80.1
Egypt,EGY,1975,24.9
Egypt,EGY,1980,31.4
Egypt,EGY,1984,30.3
Egypt,EGY,1988,37.8
Egypt,EGY,1989,37.8
Egypt,EGY,1991,47.6
Egypt,EGY,1992,47.1
Egypt,EGY,1993,47.1
Egypt,EGY,1995,47.9
Egypt,EGY,1996,47.9
Egypt,EGY,1997,54.5
Egypt,EGY,1998,54.5
Egypt,EGY,2000,56.1
Egypt,EGY,2003,60
Egypt,EGY,2005,59.2
Egypt,EGY,2008,60.3
Egypt,EGY,2014,58.5
El Salvador,SLV,1975,21.6
El Salvador,SLV,1978,34.4
El Salvador,SLV,1985,47.3
El Salvador,SLV,1988,47.1
El Salvador,SLV,1993,53.3
El Salvador,SLV,1998,60
El Salvador,SLV,2003,67.3
El Salvador,SLV,2008,72.3
El Salvador,SLV,2014,71.9
Equatorial Guinea,GNQ,2000,10.1
Equatorial Guinea,GNQ,2011,12.6
Eritrea,ERI,1995,8
Eritrea,ERI,1996,8
Eritrea,ERI,2002,8
Eritrea,ERI,2010,8.4
Estonia,EST,1994,70.3
Estonia,EST,2005,63.4
Eswatini,SWZ,1988,19.8
Eswatini,SWZ,1989,19.8
Eswatini,SWZ,2000,27.7
Eswatini,SWZ,2002,40.1
Eswatini,SWZ,2007,50.6
Eswatini,SWZ,2010,65.2
Eswatini,SWZ,2014,66.1
Ethiopia,ETH,1990,4.8
Ethiopia,ETH,1997,3.3
Ethiopia,ETH,2000,8.1
Ethiopia,ETH,2005,14.7
Ethiopia,ETH,2011,28.6
Ethiopia,ETH,2014,42
Ethiopia,ETH,2015,37.9
Ethiopia,ETH,2016,35.9
Ethiopia,ETH,2017,36.5555026144542
Ethiopia,ETH,2018,40.1
Ethiopia,ETH,2019,41.4
Europe & Central Asia,,2010,68.9804432878214
Europe & Central Asia (IDA & IBRD),,2010,62.4314240847067
Europe & Central Asia (excluding high income),,2010,63.6908460199187
Fiji,FJI,1974,40.9
Fiji,FJI,1978,38
Fiji,FJI,1997,43.9
Fiji,FJI,2000,44
Fiji,FJI,2002,35
Fiji,FJI,2007,43.1
Fiji,FJI,2010,31.77
Fiji,FJI,2012,44.3
Finland,FIN,1971,77
Finland,FIN,1977,80
Finland,FIN,1990,77.4
Finland,FIN,1992,78.8461538461538
Finland,FIN,1999,79.4701986754967
Finland,FIN,2007,74.2222222222222
Finland,FIN,2015,85.4748603351955
Fragile and conflict affected situations,,1990,10.7384171520428
Fragile and conflict affected situations,,2000,25.3117204006444
Fragile and conflict affected situations,,2010,28.3016517632173
Fragile and conflict affected situations,,2017,28.7288149928091
France,FRA,1971,64
France,FRA,1972,64
France,FRA,1977,71
France,FRA,1978,78.7
France,FRA,1988,81.2
France,FRA,1994,74.5
France,FRA,2000,81.8
France,FRA,2005,76.6
France,FRA,2008,76.4
France,FRA,2010,78.4
France,FRA,2011,78.4
Gabon,GAB,2000,32.7
Gabon,GAB,2012,31.1
Gambia,GMB,1990,11.8
Gambia,GMB,2000,9.5
Gambia,GMB,2001,17.5
Gambia,GMB,2010,13.3
Gambia,GMB,2013,9
Gambia,GMB,2018,16.8
Gambia,GMB,2020,18.9
Georgia,GEO,1999,40.5
Georgia,GEO,2000,40.5
Georgia,GEO,2005,31.5
Georgia,GEO,2006,45.6
Georgia,GEO,2009,35.5
Georgia,GEO,2010,53.4
Georgia,GEO,2018,40.6
Germany,DEU,1971,70.0833333333333
Germany,DEU,1972,82.1768283174801
Germany,DEU,1985,77.9
Germany,DEU,1992,70.1
Germany,DEU,2005,66.2
Germany,DEU,2008,50.7
Germany,DEU,2011,80.3
Germany,DEU,2018,67
Ghana,GHA,1980,9.5
Ghana,GHA,1988,12.9
Ghana,GHA,1992,10.5
Ghana,GHA,1993,20.3
Ghana,GHA,1994,20.3
Ghana,GHA,1998,22
Ghana,GHA,1999,22
Ghana,GHA,2003,25.2
Ghana,GHA,2006,16.6
Ghana,GHA,2008,23.5
Ghana,GHA,2011,34.7
Ghana,GHA,2013,19.8
Ghana,GHA,2014,26.7
Ghana,GHA,2015,34.7
Ghana,GHA,2016,30.6
Ghana,GHA,2017,30.8
Ghana,GHA,2018,27.2
Greece,GRC,1983,77.2
Greece,GRC,1999,61.3
Greece,GRC,2001,76.2
Grenada,GRD,1985,31
Grenada,GRD,1990,54.3
Grenada,GRD,1998,54
Grenada,GRD,2006,54
Guam,GUM,2002,66.6
Guatemala,GTM,1978,18.1
Guatemala,GTM,1983,25
Guatemala,GTM,1987,23.2
Guatemala,GTM,1995,31.4
Guatemala,GTM,1999,38.2
Guatemala,GTM,2002,43.3
Guatemala,GTM,2009,54.1
Guatemala,GTM,2015,60.6
Guinea,GIN,1992,1.7
Guinea,GIN,1993,1.7
Guinea,GIN,1999,6.2
Guinea,GIN,2003,6.5
Guinea,GIN,2005,9.1
Guinea,GIN,2012,5.6
Guinea,GIN,2016,8.7
Guinea,GIN,2018,10.9
Guinea-Bissau,GNB,2000,7.6
Guinea-Bissau,GNB,2006,10.3
Guinea-Bissau,GNB,2010,14.2
Guinea-Bissau,GNB,2014,16
Guinea-Bissau,GNB,2019,20.6
Guyana,GUY,1975,29.5
Guyana,GUY,1992,38.2
Guyana,GUY,2000,37.3
Guyana,GUY,2005,34.6
Guyana,GUY,2006,34.2
Guyana,GUY,2007,34.2
Guyana,GUY,2009,42.5
Guyana,GUY,2014,33.9
Haiti,HTI,1977,18.9
Haiti,HTI,1983,6.9
Haiti,HTI,1987,6.7
Haiti,HTI,1989,10.2
Haiti,HTI,1995,18
Haiti,HTI,2000,28.1
Haiti,HTI,2006,32
Haiti,HTI,2012,34.5
Haiti,HTI,2016,34.3
Haiti,HTI,2017,34.3
Heavily indebted poor countries (HIPC),,1990,10.3861779879886
Heavily indebted poor countries (HIPC),,2000,19.0613299300039
Heavily indebted poor countries (HIPC),,2010,25.3102602090675
Heavily indebted poor countries (HIPC),,2017,30.5106099057941
High income,,1990,70.0551045098499
High income,,2000,70.6965465620976
High income,,2017,65.7901754570971
Honduras,HND,1981,26.9
Honduras,HND,1984,34.9
Honduras,HND,1987,40.6
Honduras,HND,1992,46.7
Honduras,HND,1996,49.2
Honduras,HND,2001,61.6
Honduras,HND,2006,65.2
Honduras,HND,2012,73.2
Hong Kong,HKG,1967,42
Hong Kong,HKG,1972,49.6
Hong Kong,HKG,1977,71.9
Hong Kong,HKG,1982,72.3
Hong Kong,HKG,1987,80.8
Hong Kong,HKG,1992,86.2
Hong Kong,HKG,1997,86
Hong Kong,HKG,2002,86.2
Hong Kong,HKG,2007,79.5
Hong Kong,HKG,2012,74.8
Hong Kong,HKG,2017,66.7
Hungary,HUN,1966,66.6
Hungary,HUN,1969,67
Hungary,HUN,1972,73
Hungary,HUN,1974,74
Hungary,HUN,1975,76
Hungary,HUN,1977,73.1
Hungary,HUN,1986,73.1
Hungary,HUN,1993,80.6
Hungary,HUN,2009,61.6
IBRD only,,1990,63.7888642832705
IBRD only,,2000,66.1280870154449
IBRD only,,2010,70.3219008087691
IBRD only,,2017,66.8414635457521
IDA & IBRD total,,1990,56.2029862861949
IDA & IBRD total,,2000,58.5021647155048
IDA & IBRD total,,2010,61.932840131103
IDA & IBRD total,,2017,58.905726395614
IDA blend,,1990,13.8244740770174
IDA blend,,2000,28.4746050446895
IDA blend,,2010,27.4229690038518
IDA blend,,2017,30.7752221573587
IDA only,,1990,18.6482548936984
IDA only,,2000,28.7397043969182
IDA only,,2010,35.2536021566599
IDA only,,2017,38.9061979361906
IDA total,,1990,16.8662872784783
IDA total,,2000,28.6497321570826
IDA total,,2010,32.7338224482111
IDA total,,2017,36.193574787741
India,IND,1970,13.6
India,IND,1971,13.6
India,IND,1980,35.3
India,IND,1981,35.3
India,IND,1988,44.9
India,IND,1993,40.7
India,IND,1999,48.2
India,IND,2000,46.9
India,IND,2003,53
India,IND,2004,53
India,IND,2005,54.4
India,IND,2006,56.3
India,IND,2008,54.8
India,IND,2016,53.5
Indonesia,IDN,1973,8.6
Indonesia,IDN,1976,26.3
Indonesia,IDN,1979,31.2
Indonesia,IDN,1985,38.5
Indonesia,IDN,1987,47.7
Indonesia,IDN,1991,49.7
Indonesia,IDN,1993,53.1
Indonesia,IDN,1994,54.7
Indonesia,IDN,1995,54.2
Indonesia,IDN,1996,54.2
Indonesia,IDN,1997,57.4
Indonesia,IDN,1998,55.4
Indonesia,IDN,1999,55.4
Indonesia,IDN,2000,54.8
Indonesia,IDN,2001,52.5
Indonesia,IDN,2002,54.2
Indonesia,IDN,2003,60.3
Indonesia,IDN,2004,56.7
Indonesia,IDN,2005,57.9
Indonesia,IDN,2006,57.9
Indonesia,IDN,2007,57.4
Indonesia,IDN,2008,61.4
Indonesia,IDN,2009,60.6
Indonesia,IDN,2010,61
Indonesia,IDN,2011,61.3
Indonesia,IDN,2012,61.9
Indonesia,IDN,2013,62
Indonesia,IDN,2014,61.6
Indonesia,IDN,2015,60
Indonesia,IDN,2016,59.4
Indonesia,IDN,2017,63.6
Indonesia,IDN,2018,55.5
Iran,IRN,1977,36
Iran,IRN,1978,23
Iran,IRN,1989,48.9
Iran,IRN,1991,49
Iran,IRN,1992,64.6
Iran,IRN,1993,67.8
Iran,IRN,1994,70
Iran,IRN,1995,72.8
Iran,IRN,1996,73.7
Iran,IRN,1997,72.9
Iran,IRN,2000,73.8
Iran,IRN,2002,73.3
Iran,IRN,2005,78.9
Iran,IRN,2010,77.4
Iran,IRN,2011,77.4
Iraq,IRQ,1974,14.5
Iraq,IRQ,1989,13.7
Iraq,IRQ,2000,43.5
Iraq,IRQ,2006,49.8
Iraq,IRQ,2011,52.5
Iraq,IRQ,2018,52.8
Ireland,IRL,1998,77
Ireland,IRL,2002,75
Ireland,IRL,2004,76.1904761904762
Ireland,IRL,2005,64.8
Ireland,IRL,2010,73.2626619552415
Isle of Man,IMN,1990,42.2376327506
Isle of Man,IMN,2000,60.6418708753
Isle of Man,IMN,2010,61.4433776919
Israel,ISR,1988,68
Italy,ITA,1979,78
Italy,ITA,1996,62.7
Italy,ITA,2013,65.1
Jamaica,JAM,1976,38.3
Jamaica,JAM,1979,54.9
Jamaica,JAM,1983,51.4
Jamaica,JAM,1989,54.6
Jamaica,JAM,1993,62
Jamaica,JAM,1997,65.9
Jamaica,JAM,2002,69.1
Jamaica,JAM,2003,69
Jamaica,JAM,2008,72.5
Jamaica,JAM,2009,72.5
Japan,JPN,1961,42
Japan,JPN,1963,44.6
Japan,JPN,1965,55.5
Japan,JPN,1967,53
Japan,JPN,1969,52.1
Japan,JPN,1971,52.6
Japan,JPN,1973,59.3
Japan,JPN,1975,60.5
Japan,JPN,1977,60.4
Japan,JPN,1979,62.2
Japan,JPN,1984,57.3
Japan,JPN,1986,62.8
Japan,JPN,1987,64.5
Japan,JPN,1988,56.3
Japan,JPN,1990,57.9
Japan,JPN,1992,64
Japan,JPN,1994,58.6
Japan,JPN,1996,56.6
Japan,JPN,1997,60.4
Japan,JPN,1998,54.1
Japan,JPN,2000,55.9
Japan,JPN,2004,52
Japan,JPN,2005,54.3
Japan,JPN,2014,54.7
Japan,JPN,2015,39.8
Jordan,JOR,1972,26.1
Jordan,JOR,1976,25.2
Jordan,JOR,1983,26
Jordan,JOR,1985,26.5
Jordan,JOR,1990,40
Jordan,JOR,1997,52.6
Jordan,JOR,2002,55.8
Jordan,JOR,2007,57.1
Jordan,JOR,2009,59.3
Jordan,JOR,2012,61.2
Jordan,JOR,2018,51.8
Kazakhstan,KAZ,1995,59.1
Kazakhstan,KAZ,1999,66.1
Kazakhstan,KAZ,2006,50.7
Kazakhstan,KAZ,2011,51
Kazakhstan,KAZ,2015,55.7
Kazakhstan,KAZ,2018,52.98
Kenya,KEN,1978,7
Kenya,KEN,1984,17
Kenya,KEN,1989,26.9
Kenya,KEN,1993,32.7
Kenya,KEN,1998,39
Kenya,KEN,2003,39.3
Kenya,KEN,2009,45.5
Kenya,KEN,2014,58
Kenya,KEN,2015,66.3
Kenya,KEN,2016,61.6
Kenya,KEN,2017,60.5453687579435
Kenya,KEN,2018,62.8
Kenya,KEN,2019,59.7
Kiribati,KIR,1998,20.9
Kiribati,KIR,2000,36.1
Kiribati,KIR,2004,21.5
Kiribati,KIR,2008,19.9738
Kiribati,KIR,2009,22.3
Kiribati,KIR,2019,33.5
Kuwait,KWT,1985,39
Kuwait,KWT,1987,34.6
Kuwait,KWT,1994,49.8
Kuwait,KWT,1996,50.2
Kuwait,KWT,1999,52
Kyrgyzstan,KGZ,1997,59.5
Kyrgyzstan,KGZ,2006,47.8
Kyrgyzstan,KGZ,2012,36.3
Kyrgyzstan,KGZ,2014,42
Kyrgyzstan,KGZ,2017,54.1
Kyrgyzstan,KGZ,2018,39.4
Laos,LAO,1993,18.6
Laos,LAO,1995,20
Laos,LAO,2000,32.2
Laos,LAO,2005,38.4
Laos,LAO,2012,49.8
Laos,LAO,2017,54.1
Late-demographic dividend,,1990,77.7562786489866
Late-demographic dividend,,2000,81.0380627888893
Late-demographic dividend,,2010,83.2778877756784
Late-demographic dividend,,2017,80.4590362150092
Latin America & Caribbean,,1990,58.4512100561767
Latin America & Caribbean (IDA & IBRD),,1990,58.4514875694887
Latin America & Caribbean (excluding high income),,1990,58.5542202849912
Latvia,LVA,1995,67.8
Least developed countries: UN classification,,1990,18.5699689876132
Least developed countries: UN classification,,2000,27.4567687035829
Least developed countries: UN classification,,2010,33.9198637721803
Least developed countries: UN classification,,2017,39.01655924153
Lebanon,LBN,1971,53
Lebanon,LBN,1984,61.7
Lebanon,LBN,1996,61.1
Lebanon,LBN,2000,62.7
Lebanon,LBN,2002,58
Lebanon,LBN,2004,58
Lebanon,LBN,2009,54.5
Lesotho,LSO,1977,7.2
Lesotho,LSO,1992,23.2
Lesotho,LSO,1995,29.1
Lesotho,LSO,2000,30.4
Lesotho,LSO,2001,40.6
Lesotho,LSO,2002,38
Lesotho,LSO,2004,37.3
Lesotho,LSO,2005,37.3
Lesotho,LSO,2009,47
Lesotho,LSO,2010,47
Lesotho,LSO,2011,63.4
Lesotho,LSO,2014,60.2
Lesotho,LSO,2018,64.9
Liberia,LBR,1986,6.4
Liberia,LBR,2000,10
Liberia,LBR,2007,11.4
Liberia,LBR,2013,20.2
Liberia,LBR,2016,31.2
Liberia,LBR,2020,24.9
Libya,LBY,1995,45.2
Libya,LBY,2003,44.5
Libya,LBY,2007,41.9
Libya,LBY,2014,27.7
Lithuania,LTU,1995,50.7
Lithuania,LTU,2006,62.9
Lithuania,LTU,2009,68.7861271676301
Low & middle income,,1990,56.0702544300542
Low & middle income,,2000,58.5142246402912
Low & middle income,,2010,62.0131985898846
Low & middle income,,2017,58.8849735628877
Low income,,1990,14.5844224437479
Low income,,2000,20.7731874896765
Low income,,2010,25.7805561265621
Low income,,2017,31.8133917994667
Lower middle income,,1990,39.4570680310777
Lower middle income,,2000,46.935532564922
Lower middle income,,2010,52.1574214136819
Lower middle income,,2017,50.2489434476846
Madagascar,MDG,1992,16.7
Madagascar,MDG,1997,19.4
Madagascar,MDG,1999,25
Madagascar,MDG,2000,18.8
Madagascar,MDG,2004,27.1
Madagascar,MDG,2009,39.9
Madagascar,MDG,2013,39.8
Madagascar,MDG,2017,47.9
Madagascar,MDG,2018,44.4
Malawi,MWI,1984,6.9
Malawi,MWI,1992,13
Malawi,MWI,1996,21.9
Malawi,MWI,2000,30.6
Malawi,MWI,2004,32.5
Malawi,MWI,2005,32.5
Malawi,MWI,2006,41
Malawi,MWI,2010,46.1
Malawi,MWI,2014,58.6
Malawi,MWI,2016,59.2
Malaysia,MYS,1967,8.7
Malaysia,MYS,1974,33
Malaysia,MYS,1984,51.4
Malaysia,MYS,1985,51.4
Malaysia,MYS,1988,48.3
Malaysia,MYS,1989,50.1
Malaysia,MYS,1994,55.1
Malaysia,MYS,2004,49
Malaysia,MYS,2014,52.2
Maldives,MDV,1991,29
Maldives,MDV,1999,42
Maldives,MDV,2004,39
Maldives,MDV,2009,34.7
Maldives,MDV,2017,18.8
Mali,MLI,1987,4.7
Mali,MLI,1996,6.7
Mali,MLI,2001,8.1
Mali,MLI,2006,8.2
Mali,MLI,2010,9.4
Mali,MLI,2013,10.3
Mali,MLI,2015,15.6
Mali,MLI,2018,17.2
Malta,MLT,1971,87
Malta,MLT,1993,85.8
Marshall Islands,MHL,1970,22.7
Marshall Islands,MHL,1985,27.2
Marshall Islands,MHL,1994,37
Marshall Islands,MHL,2001,34
Marshall Islands,MHL,2007,44.6
Mauritania,MRT,1981,0.8
Mauritania,MRT,1991,4.1
Mauritania,MRT,2001,8
Mauritania,MRT,2007,9.3
Mauritania,MRT,2011,11.4
Mauritania,MRT,2015,17.8
Mauritius,MUS,1975,45.7
Mauritius,MUS,1985,74.6
Mauritius,MUS,1991,74.6
Mauritius,MUS,2002,75.8
Mauritius,MUS,2014,63.8
Mexico,MEX,1977,30.3
Mexico,MEX,1978,40
Mexico,MEX,1979,37.8
Mexico,MEX,1982,47.7
Mexico,MEX,1987,52.7
Mexico,MEX,1992,63.1
Mexico,MEX,1995,66.5
Mexico,MEX,1997,68.4
Mexico,MEX,2000,70
Mexico,MEX,2003,74.5
Mexico,MEX,2004,73
Mexico,MEX,2005,73.7
Mexico,MEX,2006,70.9
Mexico,MEX,2009,72.5
Mexico,MEX,2014,72.29798
Mexico,MEX,2015,66.9
Mexico,MEX,2018,73.10006
Micronesia (country),FSM,1998,45
Micronesia (country),FSM,2004,23
Micronesia (country),FSM,2009,55
Middle East & North Africa,,1990,43.1323028871981
Middle East & North Africa,,2000,57.6817205415823
Middle East & North Africa,,2010,63.3514259691205
Middle East & North Africa (IDA & IBRD),,1990,42.7364060030531
Middle East & North Africa (IDA & IBRD),,2000,61.0699004614367
Middle East & North Africa (IDA & IBRD),,2010,63.900697843765
Middle East & North Africa (excluding high income),,1990,42.7364060030531
Middle East & North Africa (excluding high income),,2000,60.963978327558
Middle East & North Africa (excluding high income),,2010,63.7751451490584
Middle income,,1990,58.2944937577899
Middle income,,2000,61.217991806067
Middle income,,2010,65.1978720385935
Middle income,,2017,61.6566622508762
Moldova,MDA,1997,73.7
Moldova,MDA,2000,62.4
Moldova,MDA,2005,67.8
Moldova,MDA,2012,59.5
Moldova,MDA,2020,55.99
Mongolia,MNG,1994,57.3
Mongolia,MNG,1996,57.3
Mongolia,MNG,1998,59.9
Mongolia,MNG,2000,67.4
Mongolia,MNG,2003,69
Mongolia,MNG,2005,66
Mongolia,MNG,2008,55.2
Mongolia,MNG,2010,54.9
Mongolia,MNG,2013,54.6
Mongolia,MNG,2014,54.6
Mongolia,MNG,2018,48.1
Montenegro,MNE,1970,49.5
Montenegro,MNE,2000,52.7
Montenegro,MNE,2006,39.4
Montenegro,MNE,2013,23.3
Montenegro,MNE,2018,20.7
Morocco,MAR,1980,19.4
Morocco,MAR,1984,25.5
Morocco,MAR,1987,35.9
Morocco,MAR,1992,41.5
Morocco,MAR,1995,50.3
Morocco,MAR,1997,58.4
Morocco,MAR,2004,63
Morocco,MAR,2011,67.4
Morocco,MAR,2018,70.8
Mozambique,MOZ,1997,5.6
Mozambique,MOZ,2003,16.5
Mozambique,MOZ,2004,16.5
Mozambique,MOZ,2008,16.2
Mozambique,MOZ,2009,11.6
Mozambique,MOZ,2011,11.6
Mozambique,MOZ,2015,27.1
Myanmar,MMR,1980,5
Myanmar,MMR,1991,16.8
Myanmar,MMR,1997,32.7
Myanmar,MMR,2001,37
Myanmar,MMR,2003,34.3
Myanmar,MMR,2007,41
Myanmar,MMR,2010,46
Myanmar,MMR,2016,52.2
Namibia,NAM,1989,40.9
Namibia,NAM,1992,28.9
Namibia,NAM,2000,43.7
Namibia,NAM,2007,55.1
Namibia,NAM,2013,56.1
Nauru,NRU,2007,35.6
Nepal,NPL,1976,2.4
Nepal,NPL,1981,6.8
Nepal,NPL,1986,15.1
Nepal,NPL,1992,24.1
Nepal,NPL,1996,28.5
Nepal,NPL,2000,37.3
Nepal,NPL,2001,39.3
Nepal,NPL,2004,38.3
Nepal,NPL,2006,48
Nepal,NPL,2011,49.7
Nepal,NPL,2014,49.6
Nepal,NPL,2016,52.6
Nepal,NPL,2017,52.6
Nepal,NPL,2019,46.6681216103212
Netherlands,NLD,1969,59
Netherlands,NLD,1975,75
Netherlands,NLD,1977,73
Netherlands,NLD,1982,76.9
Netherlands,NLD,1985,72
Netherlands,NLD,1988,76.2
Netherlands,NLD,1993,78.5
Netherlands,NLD,1998,75
Netherlands,NLD,2003,75
Netherlands,NLD,2008,75
Netherlands,NLD,2013,73
New Zealand,NZL,1976,70.1
New Zealand,NZL,1995,75
New Zealand,NZL,2015,79.9
Nicaragua,NIC,1981,27
Nicaragua,NIC,1993,48.7
Nicaragua,NIC,1998,60.3
Nicaragua,NIC,2001,68.6
Nicaragua,NIC,2007,72.4
Nicaragua,NIC,2012,80.4
Niger,NER,1992,4.4
Niger,NER,1998,8.2
Niger,NER,2000,14
Niger,NER,2006,11.2
Niger,NER,2010,18
Niger,NER,2012,13.9
Niger,NER,2015,14.7
Niger,NER,2016,16.9
Niger,NER,2017,18.8859916378869
Niger,NER,2018,11
Nigeria,NGA,1982,6.8
Nigeria,NGA,1990,6
Nigeria,NGA,1994,13.4
Nigeria,NGA,1999,15.3
Nigeria,NGA,2003,12.6
Nigeria,NGA,2007,14.7
Nigeria,NGA,2008,14.6
Nigeria,NGA,2011,17.5
Nigeria,NGA,2012,13.5
Nigeria,NGA,2013,15.1
Nigeria,NGA,2016,20.4
Nigeria,NGA,2017,13.4
Nigeria,NGA,2018,16.6
North America,,1990,70.7
North America,,2000,72.9205764558322
North America,,2010,76.4
North America,,2017,73.9
North Korea,PRK,1991,61.9
North Korea,PRK,1992,61.9
North Korea,PRK,1996,62
North Korea,PRK,1997,67.3
North Korea,PRK,2002,68.6
North Korea,PRK,2004,67.6
North Korea,PRK,2006,69.1
North Korea,PRK,2010,70.6
North Korea,PRK,2014,78.2
North Korea,PRK,2017,70.2
North Macedonia,MKD,1970,43.2
North Macedonia,MKD,2005,13.5
North Macedonia,MKD,2011,40.2
North Macedonia,MKD,2019,59.9
Northern Mariana Islands,MNP,1970,20.5
Norway,NOR,1978,71
Norway,NOR,1989,73.8
Norway,NOR,1998,86.5
Norway,NOR,2005,88.4
OECD members,,1990,68.8798430545613
OECD members,,2000,71.0643795135744
OECD members,,2010,75.249247982687
OECD members,,2017,69.5194116892078
Oman,OMN,1989,8.6
Oman,OMN,1995,23.7
Oman,OMN,2000,31.7
Oman,OMN,2008,24.4
Oman,OMN,2014,29.7
Other small states,,2000,34.0108937035722
Pacific island small states,,2000,32.0853471779484
Pakistan,PAK,1969,5.5
Pakistan,PAK,1975,5.4
Pakistan,PAK,1980,3.3
Pakistan,PAK,1985,9.1
Pakistan,PAK,1990,14.5
Pakistan,PAK,1991,11.8
Pakistan,PAK,1993,21.9
Pakistan,PAK,1995,17.8
Pakistan,PAK,1996,13
Pakistan,PAK,1997,23.9
Pakistan,PAK,1999,17
Pakistan,PAK,2001,27.6
Pakistan,PAK,2003,32.1
Pakistan,PAK,2006,26
Pakistan,PAK,2007,29.6
Pakistan,PAK,2008,27
Pakistan,PAK,2012,28.98
Pakistan,PAK,2013,35.4
Pakistan,PAK,2014,32
Pakistan,PAK,2018,34.2
Pakistan,PAK,2019,34
Palau,PLW,2000,17.2
Palau,PLW,2003,32.8
Palau,PLW,2007,21
Palau,PLW,2010,22.26
Palestine,PSE,1996,45.2
Palestine,PSE,2000,51.4
Palestine,PSE,2004,50.6
Palestine,PSE,2006,50.2
Palestine,PSE,2007,50.2
Palestine,PSE,2010,52.5
Palestine,PSE,2014,57.2
Palestine,PSE,2020,57.3
Panama,PAN,1976,53.9
Panama,PAN,1979,60.6
Panama,PAN,1984,58.2
Panama,PAN,1985,58.2
Panama,PAN,2009,62.5
Panama,PAN,2013,62.8
Panama,PAN,2015,50.8
Papua New Guinea,PNG,1996,25.9
Papua New Guinea,PNG,1997,25.9
Papua New Guinea,PNG,2006,32.4
Papua New Guinea,PNG,2007,32.4
Papua New Guinea,PNG,2018,36.7
Paraguay,PRY,1977,28.6
Paraguay,PRY,1979,37.7
Paraguay,PRY,1987,44.8
Paraguay,PRY,1990,48.4
Paraguay,PRY,1996,55.9
Paraguay,PRY,1998,61.8
Paraguay,PRY,2004,72.8
Paraguay,PRY,2008,79.4
Paraguay,PRY,2016,68.4
Peru,PER,1970,26
Peru,PER,1978,31.4
Peru,PER,1981,41
Peru,PER,1986,45.8
Peru,PER,1992,59
Peru,PER,1996,64.2
Peru,PER,2000,68.9
Peru,PER,2004,70.5
Peru,PER,2005,71.3
Peru,PER,2006,71.3
Peru,PER,2008,72.4
Peru,PER,2009,73.2
Peru,PER,2010,74.4
Peru,PER,2011,75.4
Peru,PER,2012,75.5
Peru,PER,2013,74
Peru,PER,2014,74.6
Peru,PER,2015,74.6
Peru,PER,2016,76.2
Peru,PER,2017,75.4
Peru,PER,2018,76.3
Philippines,PHL,1968,15.3999996185
Philippines,PHL,1978,36.2
Philippines,PHL,1986,43.6
Philippines,PHL,1988,36.2
Philippines,PHL,1993,40
Philippines,PHL,1995,50.7
Philippines,PHL,1996,48.1
Philippines,PHL,1997,47
Philippines,PHL,1998,47.8
Philippines,PHL,1999,49.3
Philippines,PHL,2000,47
Philippines,PHL,2001,49.5
Philippines,PHL,2002,48.8
Philippines,PHL,2003,48.9
Philippines,PHL,2004,49.3
Philippines,PHL,2005,49.3
Philippines,PHL,2006,50.6
Philippines,PHL,2008,50.7
Philippines,PHL,2011,48.9
Philippines,PHL,2013,55.1
Philippines,PHL,2017,54.1
Poland,POL,1972,60
Poland,POL,1977,75
Poland,POL,1991,72.7
Poland,POL,2011,50.6
Poland,POL,2014,62.3
Portugal,PRT,1980,76.3
Portugal,PRT,1997,78.8
Portugal,PRT,2006,86.8
Portugal,PRT,2014,73.9
Post-demographic dividend,,1990,70.3151746681504
Post-demographic dividend,,2000,71.6634270175465
Post-demographic dividend,,2010,76.0518539317309
Post-demographic dividend,,2017,67.9950312691725
Pre-demographic dividend,,1990,9.95398816116021
Pre-demographic dividend,,2000,19.6378643872854
Pre-demographic dividend,,2010,22.4759157077886
Pre-demographic dividend,,2017,27.6966083985192
Puerto Rico,PRI,1968,60.1
Puerto Rico,PRI,1974,61
Puerto Rico,PRI,1976,64.6
Puerto Rico,PRI,1982,70.4
Puerto Rico,PRI,1996,77.7
Puerto Rico,PRI,2002,84.1
Qatar,QAT,1987,32.3
Qatar,QAT,1998,43.2
Qatar,QAT,2012,37.5
Romania,ROU,1978,58
Romania,ROU,1993,57.3
Romania,ROU,1999,63.8
Romania,ROU,2004,70.3
Romania,ROU,2005,69.8
Russia,RUS,1993,62.5
Russia,RUS,1994,66.8
Russia,RUS,1995,63.4
Russia,RUS,1996,65.3
Russia,RUS,2004,83.8
Russia,RUS,2007,79.5
Russia,RUS,2010,64.9
Russia,RUS,2011,68
Rwanda,RWA,1983,11
Rwanda,RWA,1992,21.2
Rwanda,RWA,1996,13.7
Rwanda,RWA,2000,13.2
Rwanda,RWA,2005,17.4
Rwanda,RWA,2008,36.4
Rwanda,RWA,2010,51.6
Rwanda,RWA,2011,51.6
Rwanda,RWA,2015,53.2
Saint Kitts and Nevis,KNA,1984,40.6
Saint Kitts and Nevis,KNA,2006,54
Saint Kitts and Nevis,KNA,2008,54
Saint Lucia,LCA,1981,52.2
Saint Lucia,LCA,1982,52.2
Saint Lucia,LCA,1988,47.3
Saint Lucia,LCA,1998,47
Saint Lucia,LCA,2012,55.5
Saint Vincent and the Grenadines,VCT,1981,55.5
Saint Vincent and the Grenadines,VCT,1982,55.5
Saint Vincent and the Grenadines,VCT,1988,58.3
Saint Vincent and the Grenadines,VCT,1998,58
Saint Vincent and the Grenadines,VCT,2005,48
Saint Vincent and the Grenadines,VCT,2006,48
Samoa,WSM,1995,30
Samoa,WSM,1996,42.6
Samoa,WSM,1998,24.5
Samoa,WSM,2009,28.7
Samoa,WSM,2014,26.9
Samoa,WSM,2020,16.6
Sao Tome and Principe,STP,2000,29.3
Sao Tome and Principe,STP,2006,30.7
Sao Tome and Principe,STP,2009,38.4
Sao Tome and Principe,STP,2014,40.6
Sao Tome and Principe,STP,2019,49.7
Saudi Arabia,SAU,1996,31.8
Saudi Arabia,SAU,1997,31.8
Saudi Arabia,SAU,1999,20.8
Saudi Arabia,SAU,2007,23.8
Saudi Arabia,SAU,2016,24.6
Senegal,SEN,1978,3.9
Senegal,SEN,1986,4.7
Senegal,SEN,1993,7.4
Senegal,SEN,1997,12.9
Senegal,SEN,1999,10.5
Senegal,SEN,2005,11.8
Senegal,SEN,2011,13.1
Senegal,SEN,2013,17.8
Senegal,SEN,2014,22.2
Senegal,SEN,2015,23.3
Senegal,SEN,2016,25.1
Senegal,SEN,2017,27.8
Senegal,SEN,2018,27.1
Senegal,SEN,2019,26.9
Serbia,SRB,1970,51.7
Serbia,SRB,2000,58.7
Serbia,SRB,2006,41.2
Serbia,SRB,2010,60.8
Serbia,SRB,2014,58.4
Serbia,SRB,2019,62.3
Sierra Leone,SLE,1992,2.6
Sierra Leone,SLE,2000,4.3
Sierra Leone,SLE,2005,5.3
Sierra Leone,SLE,2008,8.2
Sierra Leone,SLE,2010,11
Sierra Leone,SLE,2013,16.6
Sierra Leone,SLE,2017,22.5
Sierra Leone,SLE,2019,21.2
Singapore,SGP,1973,60.1
Singapore,SGP,1977,71.3
Singapore,SGP,1982,74.2
Singapore,SGP,1987,67
Singapore,SGP,1992,65
Singapore,SGP,1997,62
Slovakia,SVK,1991,74
Slovakia,SVK,1997,79.8
Slovenia,SVN,1970,70.6
Slovenia,SVN,1995,78.9
Small states,,2000,39.0149709160009
Small states,,2010,40.8563738827113
Solomon Islands,SLB,1996,11
Solomon Islands,SLB,2001,6.8
Solomon Islands,SLB,2007,34.6
Solomon Islands,SLB,2015,29.3
Somalia,SOM,1999,7.9
Somalia,SOM,2006,14.6
Somalia,SOM,2011,9.8
Somalia,SOM,2019,6.9
South Africa,ZAF,1980,48
South Africa,ZAF,1988,49.7
South Africa,ZAF,1989,49.7
South Africa,ZAF,1990,57
South Africa,ZAF,1998,56.3
South Africa,ZAF,2003,59.9
South Africa,ZAF,2004,59.9
South Africa,ZAF,2016,54.6
South Asia,,1990,41.3176302044972
South Asia,,2000,45.4294590452825
South Asia,,2010,52.0840848372281
South Asia,,2017,51.5758867932242
South Asia (IDA & IBRD),,1990,41.3176302044972
South Asia (IDA & IBRD),,2000,45.4294590452825
South Asia (IDA & IBRD),,2010,52.0840848372281
South Asia (IDA & IBRD),,2017,51.5758867932242
South Korea,KOR,1965,16
South Korea,KOR,1966,20
South Korea,KOR,1971,24.5
South Korea,KOR,1974,34.9
South Korea,KOR,1976,44.2
South Korea,KOR,1979,54.5
South Korea,KOR,1982,57.7
South Korea,KOR,1985,70.4
South Korea,KOR,1988,77.1
South Korea,KOR,1991,79.4
South Korea,KOR,1994,77.4
South Korea,KOR,1997,80.5
South Korea,KOR,2000,79.3
South Korea,KOR,2003,84.5
South Korea,KOR,2005,80.2
South Korea,KOR,2006,79.6
South Korea,KOR,2009,80
South Korea,KOR,2012,77.1
South Korea,KOR,2015,79.6
South Korea,KOR,2018,82.3
South Sudan,SSD,2006,3.5
South Sudan,SSD,2010,4
Spain,ESP,1977,47.1
Spain,ESP,1985,59.4
Spain,ESP,1995,81.1
Spain,ESP,1999,71.7
Spain,ESP,2006,65.7
Spain,ESP,2014,72.7
Spain,ESP,2016,70.9
Spain,ESP,2018,72.2
Sri Lanka,LKA,1974,43.2
Sri Lanka,LKA,1975,34.4
Sri Lanka,LKA,1977,48.6
Sri Lanka,LKA,1982,47.7
Sri Lanka,LKA,1987,61.7
Sri Lanka,LKA,1993,66.1
Sri Lanka,LKA,2000,70
Sri Lanka,LKA,2007,68.4
Sri Lanka,LKA,2016,64.6
Sub-Saharan Africa,,1990,15.3008716390746
Sub-Saharan Africa,,2000,22.064657305308
Sub-Saharan Africa,,2010,23.7086788498844
Sub-Saharan Africa,,2017,31.3700043461979
Sub-Saharan Africa (IDA & IBRD),,1990,15.3008716390746
Sub-Saharan Africa (IDA & IBRD),,2000,22.064657305308
Sub-Saharan Africa (IDA & IBRD),,2010,23.7086788498844
Sub-Saharan Africa (IDA & IBRD),,2017,31.3700043461979
Sub-Saharan Africa (excluding high income),,1990,15.3008716390746
Sub-Saharan Africa (excluding high income),,2000,22.064657305308
Sub-Saharan Africa (excluding high income),,2010,23.7086788498844
Sub-Saharan Africa (excluding high income),,2017,31.3700043461979
Sudan,SDN,1979,4.6
Sudan,SDN,1990,8.7
Sudan,SDN,1993,9.9
Sudan,SDN,1999,7
Sudan,SDN,2006,9.5
Sudan,SDN,2010,9.1
Sudan,SDN,2014,12.2
Suriname,SUR,1992,48
Suriname,SUR,2000,42.1
Suriname,SUR,2006,45.6
Suriname,SUR,2010,47.6
Suriname,SUR,2018,39.1
Sweden,SWE,1981,78
Sweden,SWE,1996,75.2
Sweden,SWE,2013,72.4
Sweden,SWE,2017,70.3
Switzerland,CHE,1980,71.2
Switzerland,CHE,1995,82
Switzerland,CHE,2012,72.9
Switzerland,CHE,2017,71.6
Syria,SYR,1978,29.5
Syria,SYR,1993,39.6
Syria,SYR,2000,45.2999992371
Syria,SYR,2001,46.6
Syria,SYR,2006,58.3
Syria,SYR,2009,53.9
Syria,SYR,2010,53.9
Tajikistan,TJK,2000,33.9
Tajikistan,TJK,2003,25.3
Tajikistan,TJK,2004,24.6
Tajikistan,TJK,2005,37.9
Tajikistan,TJK,2006,28.5
Tajikistan,TJK,2007,37.1
Tajikistan,TJK,2012,27.9
Tajikistan,TJK,2017,29.3
Tanzania,TZA,1992,10.4
Tanzania,TZA,1994,20.4
Tanzania,TZA,1996,18.4
Tanzania,TZA,1999,25.4
Tanzania,TZA,2004,28.2
Tanzania,TZA,2005,26.4
Tanzania,TZA,2010,34.4
Tanzania,TZA,2016,38.4
Thailand,THA,1970,14.8
Thailand,THA,1973,26.3
Thailand,THA,1975,36.7
Thailand,THA,1978,53.4
Thailand,THA,1979,53.4
Thailand,THA,1981,59
Thailand,THA,1984,64.6
Thailand,THA,1987,65.5
Thailand,THA,1989,66.2
Thailand,THA,1993,73.9
Thailand,THA,1996,75.2
Thailand,THA,1997,72.2
Thailand,THA,2000,79.2
Thailand,THA,2001,77.8
Thailand,THA,2005,71.5
Thailand,THA,2006,71.5
Thailand,THA,2009,79.6
Thailand,THA,2012,79.3
Thailand,THA,2016,78.4
Thailand,THA,2019,73
Timor,TLS,1991,25.1
Timor,TLS,1994,22.6
Timor,TLS,1997,26.7
Timor,TLS,2001,8
Timor,TLS,2003,10
Timor,TLS,2007,19.8
Timor,TLS,2010,22.3
Timor,TLS,2016,26.1
Togo,TGO,1988,12.1
Togo,TGO,1998,13.9
Togo,TGO,2000,25.7
Togo,TGO,2006,16.8
Togo,TGO,2010,15.2
Togo,TGO,2014,19.9
Togo,TGO,2017,23.9
Tonga,TON,1976,46
Tonga,TON,1997,41
Tonga,TON,1999,32.8
Tonga,TON,2000,33
Tonga,TON,2002,23
Tonga,TON,2006,23.9
Tonga,TON,2010,31.5
Tonga,TON,2012,34.1
Tonga,TON,2019,29.3
Trinidad and Tobago,TTO,1971,43.6
Trinidad and Tobago,TTO,1977,60.2
Trinidad and Tobago,TTO,1987,52.7
Trinidad and Tobago,TTO,2000,38.2
Trinidad and Tobago,TTO,2006,42.5
Trinidad and Tobago,TTO,2011,40.3
Tunisia,TUN,1978,31.4
Tunisia,TUN,1983,41.1
Tunisia,TUN,1988,49.8
Tunisia,TUN,1995,60
Tunisia,TUN,2000,65.5
Tunisia,TUN,2001,62.6
Tunisia,TUN,2006,60.2
Tunisia,TUN,2012,62.5
Tunisia,TUN,2018,50.7
Turkey,TUR,1963,22.1
Turkey,TUR,1968,31.6
Turkey,TUR,1973,36.8
Turkey,TUR,1978,50.4
Turkey,TUR,1983,50.6
Turkey,TUR,1988,63.4
Turkey,TUR,1993,62.6
Turkey,TUR,1998,63.9
Turkey,TUR,2003,71
Turkey,TUR,2004,71
Turkey,TUR,2008,73
Turkey,TUR,2013,73.5
Turkey,TUR,2014,73.5
Turkey,TUR,2018,69.8
Turkmenistan,TKM,2000,53.9
Turkmenistan,TKM,2006,48
Turkmenistan,TKM,2015,50.2
Turkmenistan,TKM,2016,50.2
Turkmenistan,TKM,2019,49.7
Tuvalu,TUV,1990,39
Tuvalu,TUV,2002,31.6
Tuvalu,TUV,2007,30.5
Uganda,UGA,1989,4.9
Uganda,UGA,1995,14.8
Uganda,UGA,2001,22.8
Uganda,UGA,2005,19.7
Uganda,UGA,2006,23.7
Uganda,UGA,2011,30
Uganda,UGA,2014,27.2
Uganda,UGA,2015,34.3
Uganda,UGA,2016,39
Uganda,UGA,2017,38.5196617643102
Uganda,UGA,2018,41.8
Ukraine,UKR,1999,67.5
Ukraine,UKR,2000,71.6
Ukraine,UKR,2005,65.6
Ukraine,UKR,2007,66.7
Ukraine,UKR,2012,65.4
United Arab Emirates,ARE,1995,27.5
United Kingdom,GBR,1976,77
United Kingdom,GBR,1983,83
United Kingdom,GBR,1986,81
United Kingdom,GBR,1989,69
United Kingdom,GBR,1991,70
United Kingdom,GBR,1993,82
United Kingdom,GBR,1995,82
United Kingdom,GBR,1996,82
United Kingdom,GBR,1997,74
United Kingdom,GBR,1998,74
United Kingdom,GBR,1999,82
United Kingdom,GBR,2000,76
United Kingdom,GBR,2001,80
United Kingdom,GBR,2002,83
United Kingdom,GBR,2003,84
United Kingdom,GBR,2004,84
United Kingdom,GBR,2005,82
United Kingdom,GBR,2006,82
United Kingdom,GBR,2007,84
United Kingdom,GBR,2008,82
United Kingdom,GBR,2009,84
United Kingdom,GBR,2012,76.1
United States,USA,1965,66.5
United States,USA,1970,67.6
United States,USA,1973,69.6
United States,USA,1975,79
United States,USA,1976,67.7
United States,USA,1982,69.5
United States,USA,1988,74.3
United States,USA,1990,70.7
United States,USA,1995,76.4
United States,USA,2002,72.8
United States,USA,2007,77.1
United States,USA,2008,77.1
United States,USA,2010,76.4
United States,USA,2012,74.1
United States,USA,2013,74.1
United States,USA,2014,72.70028
United States,USA,2015,72.70028
United States,USA,2016,75.9371810574748
United States,USA,2017,75.9371810574748
United States,USA,2019,73.9
United States Virgin Islands,VIR,2002,78.4
Upper middle income,,1990,77.0612110707184
Upper middle income,,2000,78.4394574895219
Upper middle income,,2010,82.2197974169299
Upper middle income,,2017,78.7398232750636
Uruguay,URY,1986,83
Uruguay,URY,1997,84
Uruguay,URY,2004,77
Uruguay,URY,2005,78
Uruguay,URY,2015,79.5907284900367
Uzbekistan,UZB,1996,55.6
Uzbekistan,UZB,2000,67.2
Uzbekistan,UZB,2002,67.7
Uzbekistan,UZB,2006,64.9
Vanuatu,VUT,1984,24.4
Vanuatu,VUT,1991,15
Vanuatu,VUT,1995,39
Vanuatu,VUT,1999,28
Vanuatu,VUT,2007,38.4
Vanuatu,VUT,2013,49
Venezuela,VEN,1977,60.3
Venezuela,VEN,1993,58
Venezuela,VEN,1998,70.3
Venezuela,VEN,2010,74.9912474897415
Vietnam,VNM,1981,20
Vietnam,VNM,1986,58
Vietnam,VNM,1988,53.2
Vietnam,VNM,1994,65
Vietnam,VNM,1997,75.3
Vietnam,VNM,1998,71.9
Vietnam,VNM,2000,74.2
Vietnam,VNM,2001,73.9
Vietnam,VNM,2002,78.5
Vietnam,VNM,2003,75.3
Vietnam,VNM,2004,75.7
Vietnam,VNM,2005,76.8
Vietnam,VNM,2006,75.7
Vietnam,VNM,2007,79
Vietnam,VNM,2008,79.4
Vietnam,VNM,2010,78
Vietnam,VNM,2011,77.8
Vietnam,VNM,2012,76.3
Vietnam,VNM,2013,77.3
Vietnam,VNM,2014,75.7
Vietnam,VNM,2015,75.7
Vietnam,VNM,2016,77.5
Vietnam,VNM,2018,76.4
Vietnam,VNM,2019,76.5
World,OWID_WRL,1990,58.4522820881163
World,OWID_WRL,2000,60.3324536796819
World,OWID_WRL,2010,63.5220692133415
World,OWID_WRL,2017,59.6874664715624
Yemen,YEM,1979,1.7
Yemen,YEM,1992,9.7
Yemen,YEM,1997,20.8
Yemen,YEM,2003,23.1
Yemen,YEM,2006,27.7
Yemen,YEM,2013,33.5
Zambia,ZMB,1992,15.2
Zambia,ZMB,1996,25.9
Zambia,ZMB,1997,25.9
Zambia,ZMB,1999,22
Zambia,ZMB,2002,34.2
Zambia,ZMB,2007,40.8
Zambia,ZMB,2014,49
Zambia,ZMB,2018,49.6
Zimbabwe,ZWE,1984,38.4
Zimbabwe,ZWE,1988,43.1
Zimbabwe,ZWE,1989,43.1
Zimbabwe,ZWE,1994,48.1
Zimbabwe,ZWE,1999,53.5
Zimbabwe,ZWE,2006,60.2
Zimbabwe,ZWE,2009,64.9
Zimbabwe,ZWE,2011,58.5
Zimbabwe,ZWE,2014,66.9
Zimbabwe,ZWE,2015,66.8